Bambang,1234567890,bambang@gmail.com
Ani Lestari,9876504321,Sutrisno@gmail.com
Cipto Winoto,2345678901,Cipto@gmail.com
Dita Puspita,3456789012,Dita@gmail.com
Eka Cahyani,4567890123,Chaya.eka@gmail.com
Fajar Nugraha,5678901234,fajar.nugraha@gmail.com
Ghina Sari,6789012345,gina@gmail.com
Hadi Wibowo,7890123456,hadi@gmail.com
Indah Permata,8901234567,perma@gmail.com
Joko Susanto,9012345678,joko@gmail.com
Bambang,0897645123,bimbing@gmail.id
ff,1111122222,w@gmail.com
aa,1111122223,s@gmail.com
as,1111222233,q@gmail.com
